id,cliente_id,produto_id,quantidade,total
1,7,1,3,113.69999999999999
2,5,1,40,1516.0
3,5,1,3,113.69999999999999
4,10,2,5,9.85
5,10,4,12,251.88
6,10,4,3,62.97
